{"init_stamp_secs": 1655225174.1819189, "init_stamp_tuple": [2022, 6, 15, 0, 46, 14, 2, 166, 0], "last_virtual_time": 1655227932.7105722, "deltaT": 1.0}