{"init_stamp_secs": 1655257127.159086, "init_stamp_tuple": [2022, 6, 15, 9, 38, 47, 2, 166, 0], "last_virtual_time": 1655257127.15908, "deltaT": 1000.0}