{"init_stamp_secs": 1655227239.946928, "init_stamp_tuple": [2022, 6, 15, 1, 20, 39, 2, 166, 0], "last_virtual_time": 1655227239.946927, "deltaT": 10.0}