{"init_stamp_secs": 1655255790.149743, "init_stamp_tuple": [2022, 6, 15, 9, 16, 30, 2, 166, 0], "last_virtual_time": 1655255790.1497421, "deltaT": 1000.0}